origin_date,capture_time_utc,target_btc_close_time_utc,series_id,value,observation_date,source_sha256,source_url
2026-09-07,2026-09-07T22:31:37Z,2026-09-08T00:00:00Z,M2SL,23218.0,2026-07-01,1d0f61bf1cd8e985bf9cefdfc92625570d181e4407a5a4ca1eedf2b8cad3e408,https://fred.stlouisfed.org/series/M2SL
2026-09-07,2026-09-07T22:31:37Z,2026-09-08T00:00:00Z,WALCL,6737204,2026-09-02,3385cfc741fc7fc17e30845b9f5de4f644e914b261ce6f2631c9218a1efc543a,https://fred.stlouisfed.org/series/WALCL
2026-09-07,2026-09-07T22:31:37Z,2026-09-08T00:00:00Z,WTREGEN,967935,2026-09-02,eb742060e711e3a3d5f442c3757b3b7ed725881ae913e2837a72f0b8e19e8678,https://fred.stlouisfed.org/series/WTREGEN
2026-09-07,2026-09-07T22:31:37Z,2026-09-08T00:00:00Z,RRPONTSYD,0.675,2026-09-04,80549d66893f15e2e6969f51745d5ae1b18ae70fb44ade7e4b81d65e5350588d,https://fred.stlouisfed.org/series/RRPONTSYD
2026-09-07,2026-09-07T22:31:37Z,2026-09-08T00:00:00Z,DFF,3.63,2026-09-03,a7a4b84d5369ac69e167d71750fb8889b506a4f294fce9d74d088fe7142c02aa,https://fred.stlouisfed.org/series/DFF
2026-09-07,2026-09-07T22:31:37Z,2026-09-08T00:00:00Z,DGS2,4.34,2026-09-03,514fcd641b13717b630096a295206dfcbad9c1a5767cea4fa4c8ceb109aea340,https://fred.stlouisfed.org/series/DGS2
2026-09-07,2026-09-07T22:31:37Z,2026-09-08T00:00:00Z,DGS10,4.77,2026-09-03,77e73f2598f56e8162ff42081a5668ec0e4790a458a6e1747fb06efa38d43547,https://fred.stlouisfed.org/series/DGS10
2026-09-07,2026-09-07T22:31:37Z,2026-09-08T00:00:00Z,DFII10,2.42,2026-09-03,294a8be4a988c5a0d644cd11783b9955d1ce3e5f96089b3f6cafb2f1d52ccb02,https://fred.stlouisfed.org/series/DFII10
2026-09-07,2026-09-07T22:31:37Z,2026-09-08T00:00:00Z,DTWEXBGS,118.7479,2026-08-28,83a8c002d5f80ff4a4f710e4a889b356449f25f31d4db604332505c873761189,https://fred.stlouisfed.org/series/DTWEXBGS
2026-09-07,2026-09-07T22:31:37Z,2026-09-08T00:00:00Z,VIXCLS,14.32,2026-09-03,c2f68a64662e72f193a6ca4f1433b1bfdb3710dbae44b13ed706d99c8375595d,https://fred.stlouisfed.org/series/VIXCLS
2026-09-07,2026-09-07T22:31:37Z,2026-09-08T00:00:00Z,NASDAQCOM,26506.990,2026-09-04,be2cad4034b129720546e701098f1d0100f6e40744de2031ecd24dd83694a39c,https://fred.stlouisfed.org/series/NASDAQCOM
2026-09-07,2026-09-07T22:31:37Z,2026-09-08T00:00:00Z,CPIAUCSL,332.813,2026-07-01,0d189130b33e67dcc83448d04620469f7d819db01d2b8b93f6a4fc9678167957,https://fred.stlouisfed.org/series/CPIAUCSL
2026-09-07,2026-09-07T22:31:37Z,2026-09-08T00:00:00Z,UNRATE,4.1,2026-08-01,10bbfc934ada1577775a62652566970c946467e22aa888ec9d67fabbe902a9e9,https://fred.stlouisfed.org/series/UNRATE
2026-09-07,2026-09-07T22:31:37Z,2026-09-08T00:00:00Z,PAYEMS,159075,2026-08-01,5b971d94fd47ec2b2ea4685798a0d214970e0ba578a47a114f8309e1a1bfcaee,https://fred.stlouisfed.org/series/PAYEMS
2026-09-14,2026-09-14T23:13:20.563387+00:00,2026-09-15T00:00:00+00:00,M2SL,23218.0,2026-07-01,1d0f61bf1cd8e985bf9cefdfc92625570d181e4407a5a4ca1eedf2b8cad3e408,https://fred.stlouisfed.org/series/M2SL
2026-09-14,2026-09-14T23:13:24.588508+00:00,2026-09-15T00:00:00+00:00,WALCL,6740619,2026-09-09,8fd7b08b6fa8b9e25a31115a51d16e993024f12a8bddfe5963be5bf6bd5e49d4,https://fred.stlouisfed.org/series/WALCL
2026-09-14,2026-09-14T23:13:27.019234+00:00,2026-09-15T00:00:00+00:00,WTREGEN,883335,2026-09-09,0cad99a6a72acbbe880c5d9d5f646314de92db475aa9afb7358e3764e89e7ed4,https://fred.stlouisfed.org/series/WTREGEN
2026-09-14,2026-09-14T23:13:30.687022+00:00,2026-09-15T00:00:00+00:00,RRPONTSYD,1.420,2026-09-14,3be2e41e471426e6993fe91a6bdf68534162b5c57435167f33263cafab427e2c,https://fred.stlouisfed.org/series/RRPONTSYD
2026-09-14,2026-09-14T23:13:34.973804+00:00,2026-09-15T00:00:00+00:00,DFF,3.63,2026-09-11,ec89a4e6901792450324e3096f88aa3d52ec6074266dec2c62692fee0ddcb40f,https://fred.stlouisfed.org/series/DFF
2026-09-14,2026-09-14T23:13:37.008033+00:00,2026-09-15T00:00:00+00:00,DGS2,4.63,2026-09-11,216f162704a950fbba548503c5d23873980c0551966237ce8d729f5bbafd3f92,https://fred.stlouisfed.org/series/DGS2
2026-09-14,2026-09-14T23:13:39.865449+00:00,2026-09-15T00:00:00+00:00,DGS10,4.96,2026-09-11,ae30ff79e430bd344b4ce64af503b2101bb404b8cf2babcb4b8d5a7d81d6f169,https://fred.stlouisfed.org/series/DGS10
2026-09-14,2026-09-14T23:13:43.543599+00:00,2026-09-15T00:00:00+00:00,DFII10,2.60,2026-09-11,e3fba7eda687574683d3a58102f9fa0232b304211a88aacb430a04d42477fe45,https://fred.stlouisfed.org/series/DFII10
2026-09-14,2026-09-14T23:13:46.316785+00:00,2026-09-15T00:00:00+00:00,DTWEXBGS,118.2126,2026-09-11,ea55df4c15c89f3f9db5b9e70aa4b72257ac4f42573c56f967f0a1ad5cd204cf,https://fred.stlouisfed.org/series/DTWEXBGS
2026-09-14,2026-09-14T23:13:49.896711+00:00,2026-09-15T00:00:00+00:00,VIXCLS,15.84,2026-09-11,457060ca1bab9b9c7c6bbdf1286741a6b6ec8487d18cdd4f11551add999c5497,https://fred.stlouisfed.org/series/VIXCLS
2026-09-14,2026-09-14T23:13:53.166062+00:00,2026-09-15T00:00:00+00:00,NASDAQCOM,26333.040,2026-09-11,db18e6da790bf2928c658877c94615b6013ac45c08896f8a652077d147e1d64f,https://fred.stlouisfed.org/series/NASDAQCOM
2026-09-14,2026-09-14T23:13:58.286843+00:00,2026-09-15T00:00:00+00:00,CPIAUCSL,334.131,2026-08-01,1ecf9a527c40c58181b9d6364d2b4ece2c73b9239228843d449392a7fe3ef7a8,https://fred.stlouisfed.org/series/CPIAUCSL
2026-09-14,2026-09-14T23:14:03.657903+00:00,2026-09-15T00:00:00+00:00,UNRATE,4.1,2026-08-01,10bbfc934ada1577775a62652566970c946467e22aa888ec9d67fabbe902a9e9,https://fred.stlouisfed.org/series/UNRATE
2026-09-14,2026-09-14T23:14:03.729050+00:00,2026-09-15T00:00:00+00:00,PAYEMS,159075,2026-08-01,5b971d94fd47ec2b2ea4685798a0d214970e0ba578a47a114f8309e1a1bfcaee,https://fred.stlouisfed.org/series/PAYEMS
2026-09-21,2026-09-21T23:22:59.873703+00:00,2026-09-22T00:00:00+00:00,M2SL,23218.0,2026-07-01,1d0f61bf1cd8e985bf9cefdfc92625570d181e4407a5a4ca1eedf2b8cad3e408,https://fred.stlouisfed.org/series/M2SL
2026-09-21,2026-09-21T23:23:04.503863+00:00,2026-09-22T00:00:00+00:00,WALCL,6746548,2026-09-16,6927d49b4a97b38f04afec3fdf34e9f33a1f92a05e66bb81eb05d91af5816909,https://fred.stlouisfed.org/series/WALCL
2026-09-21,2026-09-21T23:23:06.570775+00:00,2026-09-22T00:00:00+00:00,WTREGEN,877028,2026-09-16,2824d15fcf6197e94eb588de82677fe2f74841066c91a3ea6bbb451b03d3f172,https://fred.stlouisfed.org/series/WTREGEN
2026-09-21,2026-09-21T23:23:08.696553+00:00,2026-09-22T00:00:00+00:00,RRPONTSYD,0.582,2026-09-21,86da0198538710b194f684e38498a3e04d61d60125423a6d68058243b90cab83,https://fred.stlouisfed.org/series/RRPONTSYD
2026-09-21,2026-09-21T23:23:12.126297+00:00,2026-09-22T00:00:00+00:00,DFF,3.88,2026-09-18,dd3a8cf61f2d7ca74a563d0e6697eaaf94318a8ffad3117bf7a7f551ae876825,https://fred.stlouisfed.org/series/DFF
2026-09-21,2026-09-21T23:23:16.450087+00:00,2026-09-22T00:00:00+00:00,DGS2,4.76,2026-09-18,3770e6a49a07d883ee46f3aee3f9abe88ca09be6c38dcff4353c4591794b06be,https://fred.stlouisfed.org/series/DGS2
2026-09-21,2026-09-21T23:23:19.855556+00:00,2026-09-22T00:00:00+00:00,DGS10,5.01,2026-09-18,f9875e26c75b40718952e855401a76d4ef8eff5ef26a009ac89d1ad30fbc19b4,https://fred.stlouisfed.org/series/DGS10
2026-09-21,2026-09-21T23:23:22.990788+00:00,2026-09-22T00:00:00+00:00,DFII10,2.68,2026-09-18,29ade55b368f29abb28d726c094b938ca9c6071dd87ca19faa15dfebe91f23fe,https://fred.stlouisfed.org/series/DFII10
2026-09-21,2026-09-21T23:23:25.491900+00:00,2026-09-22T00:00:00+00:00,DTWEXBGS,119.5133,2026-09-18,f0e03f386f25c9f231b75c15cceccf4b24c9cca8a50500cf42ffa967da89ccd0,https://fred.stlouisfed.org/series/DTWEXBGS
2026-09-21,2026-09-21T23:23:28.088529+00:00,2026-09-22T00:00:00+00:00,VIXCLS,14.81,2026-09-18,9ce994fb09e565179183bc16dde0020ff2f24639c66e13068a90498c63cdbad4,https://fred.stlouisfed.org/series/VIXCLS
2026-09-21,2026-09-21T23:23:32.018089+00:00,2026-09-22T00:00:00+00:00,NASDAQCOM,26522.550,2026-09-18,17d7e5b797944235461f58a43230d2360c41433aac2f4a52fd0abf4a3f3ba0ff,https://fred.stlouisfed.org/series/NASDAQCOM
2026-09-21,2026-09-21T23:23:34.976790+00:00,2026-09-22T00:00:00+00:00,CPIAUCSL,334.131,2026-08-01,1ecf9a527c40c58181b9d6364d2b4ece2c73b9239228843d449392a7fe3ef7a8,https://fred.stlouisfed.org/series/CPIAUCSL
2026-09-21,2026-09-21T23:23:37.546811+00:00,2026-09-22T00:00:00+00:00,UNRATE,4.1,2026-08-01,10bbfc934ada1577775a62652566970c946467e22aa888ec9d67fabbe902a9e9,https://fred.stlouisfed.org/series/UNRATE
2026-09-21,2026-09-21T23:23:41.831261+00:00,2026-09-22T00:00:00+00:00,PAYEMS,159075,2026-08-01,5b971d94fd47ec2b2ea4685798a0d214970e0ba578a47a114f8309e1a1bfcaee,https://fred.stlouisfed.org/series/PAYEMS
2026-10-05,2026-10-05T22:45:52.361360+00:00,2026-10-06T00:00:00+00:00,M2SL,23342.8,2026-08-01,13aa87c361c9182c32351902bbdae63afd6073ae28a96abc9fe7f2b22e22e924,https://fred.stlouisfed.org/series/M2SL
2026-10-05,2026-10-05T22:45:55.982721+00:00,2026-10-06T00:00:00+00:00,WALCL,6743031,2026-09-30,d8a1bed803912008a6cfcb477217cbce207d47758f990cc6241f3fcd84684b64,https://fred.stlouisfed.org/series/WALCL
2026-10-05,2026-10-05T22:45:59.509683+00:00,2026-10-06T00:00:00+00:00,WTREGEN,948674,2026-09-30,3f16ee6ba7aea4699586fcf366f2152c7eee0c21478d62f2c70c76b5c6ad7681,https://fred.stlouisfed.org/series/WTREGEN
2026-10-05,2026-10-05T22:46:02.789093+00:00,2026-10-06T00:00:00+00:00,RRPONTSYD,1.004,2026-10-05,61bb513399179a8cc3a477e8d74508b3fbb8210aee918435ea5f2f14b1db9fb9,https://fred.stlouisfed.org/series/RRPONTSYD
2026-10-05,2026-10-05T22:46:05.668849+00:00,2026-10-06T00:00:00+00:00,DFF,3.88,2026-10-02,1bf5b0dc45c2923ea03a7cc669e87d65dec3349126f66feb04d4e917d046510e,https://fred.stlouisfed.org/series/DFF
2026-10-05,2026-10-05T22:46:20.248694+00:00,2026-10-06T00:00:00+00:00,DGS2,4.83,2026-10-02,91a49d23511c5c576500d26a9ce074f74518afeea395dca2b8dc5d21487100ab,https://fred.stlouisfed.org/series/DGS2
2026-10-05,2026-10-05T22:46:12.669065+00:00,2026-10-06T00:00:00+00:00,DGS10,5.28,2026-10-02,b5c3be09dc4dc759980c4f2a57c4c15603297a2d45654c8091619398eb6ce7e3,https://fred.stlouisfed.org/series/DGS10
2026-10-05,2026-10-05T22:46:15.226227+00:00,2026-10-06T00:00:00+00:00,DFII10,2.92,2026-10-02,400dd1928ce38c7cf49b37b4820a1c11d19b0aabc5737aa8070870bf55c3757f,https://fred.stlouisfed.org/series/DFII10
2026-10-05,2026-10-05T22:46:17.425390+00:00,2026-10-06T00:00:00+00:00,DTWEXBGS,121.3848,2026-10-02,58ed1611c8b469e69cbaf728021e4eed7eef89e7c2a974a10a70ffd321aa1176,https://fred.stlouisfed.org/series/DTWEXBGS
2026-10-05,2026-10-05T22:46:22.058426+00:00,2026-10-06T00:00:00+00:00,VIXCLS,15.31,2026-10-02,920c3fc528b221e2a3944ad48aa555202bf811ffe2072b86a650ca89a82d55ae,https://fred.stlouisfed.org/series/VIXCLS
2026-10-05,2026-10-05T22:46:26.462487+00:00,2026-10-06T00:00:00+00:00,NASDAQCOM,27190.860,2026-10-02,d1820a750ca7c823f7d51f7e25827a03b89e82de0d17ea251fde1aca548cc156,https://fred.stlouisfed.org/series/NASDAQCOM
2026-10-05,2026-10-05T22:46:27.356031+00:00,2026-10-06T00:00:00+00:00,CPIAUCSL,334.131,2026-08-01,1ecf9a527c40c58181b9d6364d2b4ece2c73b9239228843d449392a7fe3ef7a8,https://fred.stlouisfed.org/series/CPIAUCSL
2026-10-05,2026-10-05T22:46:32.115161+00:00,2026-10-06T00:00:00+00:00,UNRATE,4.2,2026-09-01,fa17b0b0d025f2418a02a0c4636048a0797136bb385ea00868e8401b8452599b,https://fred.stlouisfed.org/series/UNRATE
2026-10-05,2026-10-05T22:46:34.482949+00:00,2026-10-06T00:00:00+00:00,PAYEMS,159044,2026-09-01,d638e7d82fc1df1642cf1539e71964c9a9595fe021a9f2004b5c05dcff38a1ca,https://fred.stlouisfed.org/series/PAYEMS
